step,train_loss,val_loss,aux_loss,lr,grad_norm,sec
2000,,1.6210,,,,0
2100,1.5943,1.6170,1.0908,2.99e-04,1.249,72
2200,1.5882,1.6028,1.1935,2.93e-04,1.233,146
2300,1.5620,1.5989,1.2495,2.81e-04,1.130,216
2400,1.5524,1.5847,1.2916,2.63e-04,1.150,284
2500,1.5396,1.5694,1.3162,2.41e-04,1.104,353
2600,1.5169,1.5678,1.3334,2.15e-04,1.101,422
2700,1.5102,1.5592,1.3231,1.87e-04,1.140,493
2800,1.4774,1.5405,1.3330,1.58e-04,1.162,571
2900,1.4752,1.5320,1.3083,1.29e-04,1.097,644
3000,1.4751,1.5223,1.2800,1.02e-04,1.092,713
3100,1.4521,1.5167,1.2636,7.78e-05,1.036,785
3200,1.4449,1.5100,1.2373,5.77e-05,1.094,857
3300,1.4435,1.5063,1.2143,4.26e-05,1.064,928
3400,1.4390,1.5035,1.2016,3.32e-05,1.129,1000
3500,1.4282,1.5007,1.1843,3.00e-05,1.067,1075
